graveyard,vector,50,large
station,comic book,200,large
cigarette,painting,50,large
prism,made of wire,100,medium
ascension,woodcut,200,medium
kangaroo,holographic,200,medium
plasma,vector,100,medium
raptor,painting,50,large
reed,geometric,50,medium
science,surrealist,100,medium
alchemy,painting,50,medium
cable,made of wire,200,medium
torture,painting,500,medium
fallout,painting,100,large
fantasy,painting,100,large
sword,smooth,50,medium
meteor,glowing neon,200,medium
angel,woodcut,500,large
wings,surrealist,100,medium
bull,woodcut,50,large
shorts,surrealist,100,large
waves,painting,200,medium
magic,glowing neon,100,medium
donut,painting,200,large
clown,woodcut,50,large
pig,comic book,300,medium
robot,painting,300,medium
water,smooth,50,medium
bucket,low poly,50,medium
rocket,steampunk,300,medium
baby,minimalist,100,large
shotgun,woodcut,100,medium
letter,minimalist,500,medium
constellation,painting,200,large
pasta,vector,50,large
moon,pencil sketch,50,medium
game,deviantart,50,large
mask,glowing neon,100,large
observatory,painting,300,medium
glitch,holographic,300,medium
emptiness,geometric,100,medium
nerd,comic book,100,large
clock,steampunk,100,medium
town,painting,100,medium
vampire,minimalist,300,medium
wood,comic book,100,large
pylon,painting,300,medium
raven,minimalist,200,medium
worm,glowing neon,100,medium
feather,vector,300,large
tuft,painting,200,medium
talons,artstation,50,medium
operation,pencil sketch,50,large
espionage,steampunk,200,large
selection,woodcut,200,large
sanity,pencil sketch,200,large
atlas,painting,500,large
zodiac,painting,100,large
killer,watercolor,100,large
athlete,painting,200,medium
skeleton,deviantart,50,medium
bat,painting,100,medium
fence,smooth,50,large
pumpkin,surrealist,100,medium
crown,artstation,50,medium
gym,watercolor,300,medium
bench,made of wire,50,large
dumbbell,deviantart,100,medium
arm,glowing neon,50,large
neck,made of wire,100,medium
bone,woodcut,50,medium
muscle,comic book,100,large
abrasion,painting,300,large
field,pencil sketch,300,large
pitch,smooth,50,medium
orb,smooth,300,medium
catapult,woodcut,50,medium
trebuchet,deviantart,100,large
tackle,made of wire,50,medium
wing,watercolor,100,large
caffeine,holographic,100,large
taurine,painting,500,medium
glucose,painting,50,medium
sausage,minimalist,200,large
egg,holographic,50,medium
pancake,steampunk,500,medium
plate,low poly,300,medium
maple,watercolor,100,large
hill,steampunk,100,large
road,made of wire,200,large
path,woodcut,200,large
forest,made of wire,50,large
mill,painting,100,large
stream,woodcut,50,large
winter,painting,50,large
arboretum,painting,50,medium
cumulonimbus,made of wire,200,large
dungeon,painting,300,medium
stratus,minimalist,300,medium
atmosphere,glowing neon,50,large
lithium,painting,500,large
crab,surrealist,100,large
teeth,surrealist,300,medium
nausea,geometric,100,large
recovery,watercolor,50,large
